,0
0,Gol Trend
1,Gol
2,308
3,Kangoo
4,208
5,Corolla
6,Hilux
7,Fiesta
8,Bora
9,Siena
10,Tracker
11,KA
12,Onix
13,Vento
14,Palio
15,Classic
16,Golf
17,Focus III
18,Renegade
19,Fiorino
20,Agile
21,207
22,EcoSport
23,Prisma
24,Amarok
25,Cruze
26,Clio Mío
27,Ranger
28,Partner
29,Fox
30,Etios
31,Sandero Stepway
32,500
33,408
34,Up
35,Berlingo
36,HR-V
37,A1
38,Logan
39,Voyage
40,Focus
41,Sandero
42,Punto
43,307
44,Fun
45,Uno
46,CRV
47,Fit
48,C3
49,Cronos
50,Toro
51,Aveo
52,2008
53,Tiggo
54,Celta
55,Saveiro
56,Strada
57,Fluence
58,Astra II
59,C4
60,Captur
61,Duster Oroch
62,Civic
63,Duster
64,Meriva
65,C4 Lounge
66,Mobi
67,Kwid
68,Q5
69,206
70,Compass
71,A3
72,Polo
73,Journey
74,Qubo
75,Tiida
76,S-10
77,Serie 3
78,Kicks
79,Grand Siena
80,Corsa II
81,Argo
82,Suran
83,Serie 1
84,Mondeo
85,Mégane
86,Clase A
87,Serie 2
88,Kuga
89,City
90,Corsa Classic
91,Zafira
92,Montana
93,Scirocco
94,Ram
95,Accord
96,C3 Picasso
97,Sonic
98,Versa
99,C4 Cactus
100,TT
101,Vectra
102,Grand Cherokee
103,QQ
104,Dobló
105,Cobalt
106,Cherokee
107,X6
108,Tiggo 3
109,Tiguan Allspace
110,3008
111,Tiguan
112,A4
113,Q3
114,Virtus
115,Xsara Picasso
116,Sentra
117,Captiva
118,Frontier
119,Vito
120,CrossFox
121,H1
122,Sorento
123,Passat
124,Idea
125,X5
126,Mito
127,Tucson
128,Yaris
129,Koleos
130,508
131,301
132,Fulwin
133,Sportage
134,DS3
135,Spark
136,Symbol
137,X1
138,Expert
139,Face
140,5008
141,Wrangler
142,PT Cruiser
143,L-200
144,March
145,Cooper
146,Tiggo 5
147,C5
148,Swift
149,Picanto
150,The Beetle
151,T-Cross
152,A5
